BITS ID,Course,Total Marks
2024A001,Course A,82
2024A002,Course A,71
2024A003,Course A,64
2024A004,Course A,91
2024A005,Course A,58
2024A006,Course A,77
2024A007,Course A,85
2024A008,Course A,69
2024A009,Course A,45
2024A010,Course A,93
2024A011,Course A,88
2024A012,Course A,62
2024A013,Course A,74
2024A014,Course A,53
2024A015,Course A,80
2024A016,Course A,96
2024A017,Course A,67
2024B001,Course B,79
2024B002,Course B,84
2024B003,Course B,61
2024B004,Course B,90
2024B005,Course B,73
2024B006,Course B,55
2024B007,Course B,88
2024B008,Course B,66
2024B009,Course B,92
2024B010,Course B,48
2024B011,Course B,81
2024B012,Course B,75
2024B013,Course B,59
2024B014,Course B,87
2024B015,Course B,63
2024B016,Course B,94
2024C001,Course C,70
2024C002,Course C,83
2024C003,Course C,68
2024C004,Course C,95
2024C005,Course C,52
2024C006,Course C,76
2024C007,Course C,89
2024C008,Course C,60
2024C009,Course C,72
2024C010,Course C,86
2024C011,Course C,57
2024C012,Course C,91
2024C013,Course C,65
2024C014,Course C,78
2024C015,Course C,82
2024C016,Course C,49
2024C017,Course C,8
